{"cameraMode":{"drawMode":0,"name":"Shaded","section":"Shading Mode"},"sceneLighting":false,"audioPlay":false,"sceneViewState":{"showFog":true,"showMaterialUpdate":false,"showSkybox":true,"showFlares":true,"showImageEffects":true,"showParticleSystems":true},"in2DMode":false,"pivot":{"x":-2.1982367038726808,"y":1.5188770294189454,"z":0.046875},"rotation":{"x":0.12395918369293213,"y":0.675154983997345,"z":-0.11658108234405518,"w":0.7177804112434387},"size":12.2450532913208,"orthographic":false}