{"cameraMode":{"drawMode":0,"name":"Shaded","section":"Shading Mode"},"sceneLighting":false,"audioPlay":false,"sceneViewState":{"showFog":true,"showMaterialUpdate":false,"showSkybox":true,"showFlares":true,"showImageEffects":true,"showParticleSystems":true},"in2DMode":false,"pivot":{"x":-0.012725025415420533,"y":0.41322410106658938,"z":0.0002552643418312073},"rotation":{"x":0.1613757312297821,"y":0.631382942199707,"z":-0.13654617965221406,"w":0.7461023330688477},"size":1.8118860721588135,"orthographic":false}