{"cameraMode":{"drawMode":0,"name":"Shaded","section":"Shading Mode"},"sceneLighting":false,"audioPlay":false,"sceneViewState":{"showFog":true,"showMaterialUpdate":false,"showSkybox":true,"showFlares":true,"showImageEffects":true,"showParticleSystems":true},"in2DMode":false,"pivot":{"x":0.19106531143188477,"y":0.7991824150085449,"z":0.601058304309845},"rotation":{"x":0.08365127444267273,"y":0.8764147758483887,"z":-0.16493023931980134,"w":0.4446319043636322},"size":3.5713839530944826,"orthographic":false}