{"cameraMode":{"drawMode":0,"name":"Shaded","section":"Shading Mode"},"sceneLighting":false,"audioPlay":false,"sceneViewState":{"showFog":true,"showMaterialUpdate":false,"showSkybox":true,"showFlares":true,"showImageEffects":true,"showParticleSystems":true},"in2DMode":false,"pivot":{"x":-0.8657560348510742,"y":0.6557533740997315,"z":1.3587837219238282},"rotation":{"x":0.053794246166944507,"y":0.44118592143058779,"z":-0.02649143524467945,"w":0.8954101800918579},"size":17.375967025756837,"orthographic":false}