{"cameraMode":{"drawMode":0,"name":"Shaded","section":"Shading Mode"},"sceneLighting":false,"audioPlay":false,"sceneViewState":{"showFog":true,"showMaterialUpdate":false,"showSkybox":true,"showFlares":true,"showImageEffects":true,"showParticleSystems":true},"in2DMode":false,"pivot":{"x":1.309722900390625,"y":8.293000221252442,"z":-7.519999980926514},"rotation":{"x":0.1613757312297821,"y":0.631382942199707,"z":-0.13654617965221406,"w":0.7461023330688477},"size":3.6895129680633547,"orthographic":false}