{"cameraMode":{"drawMode":0,"name":"Shaded","section":"Shading Mode"},"sceneLighting":false,"audioPlay":false,"sceneViewState":{"showFog":true,"showMaterialUpdate":false,"showSkybox":true,"showFlares":true,"showImageEffects":true,"showParticleSystems":true},"in2DMode":false,"pivot":{"x":0.5277055501937866,"y":2.2844302654266359,"z":0.7623567581176758},"rotation":{"x":0.027996843680739404,"y":0.9373717904090881,"z":-0.07750442624092102,"w":0.3384428322315216},"size":6.602459907531738,"orthographic":false}