{"cameraMode":{"drawMode":0,"name":"Shaded","section":"Shading Mode"},"sceneLighting":false,"audioPlay":false,"sceneViewState":{"showFog":true,"showMaterialUpdate":false,"showSkybox":true,"showFlares":true,"showImageEffects":true,"showParticleSystems":true},"in2DMode":false,"pivot":{"x":-0.004167616367340088,"y":0.40498530864715578,"z":-0.003848165273666382},"rotation":{"x":0.380158007144928,"y":0.27267298102378847,"z":-0.11833712458610535,"w":0.8758571147918701},"size":1.802458643913269,"orthographic":false}