{"cameraMode":{"drawMode":0,"name":"Shaded","section":"Shading Mode"},"sceneLighting":false,"audioPlay":false,"sceneViewState":{"showFog":true,"showMaterialUpdate":false,"showSkybox":true,"showFlares":true,"showImageEffects":true,"showParticleSystems":true},"in2DMode":false,"pivot":{"x":0.0,"y":0.49403268098831179,"z":-0.024963438510894777},"rotation":{"x":0.044033151119947436,"y":0.5775890946388245,"z":-0.03121207095682621,"w":0.8145414590835571},"size":10.84798526763916,"orthographic":false}