{"cameraMode":{"drawMode":0,"name":"Shaded","section":"Shading Mode"},"sceneLighting":false,"audioPlay":false,"sceneViewState":{"showFog":true,"showMaterialUpdate":false,"showSkybox":true,"showFlares":true,"showImageEffects":true,"showParticleSystems":true},"in2DMode":false,"pivot":{"x":-1.7115097045898438,"y":1.335103988647461,"z":-1.6402454376220704},"rotation":{"x":0.3926907479763031,"y":0.2747671902179718,"z":-0.1242109015583992,"w":0.8688318133354187},"size":11.783357620239258,"orthographic":false}