{"cameraMode":{"drawMode":0,"name":"Shaded","section":"Shading Mode"},"sceneLighting":false,"audioPlay":false,"sceneViewState":{"showFog":true,"showMaterialUpdate":false,"showSkybox":true,"showFlares":true,"showImageEffects":true,"showParticleSystems":true},"in2DMode":false,"pivot":{"x":0.30325037240982058,"y":0.8534313440322876,"z":0.07060623168945313},"rotation":{"x":0.1563512235879898,"y":0.07873576134443283,"z":-0.012491879984736443,"w":0.9844790101051331},"size":4.982433319091797,"orthographic":false}