{"cameraMode":{"drawMode":0,"name":"Shaded","section":"Shading Mode"},"sceneLighting":false,"audioPlay":false,"sceneViewState":{"showFog":true,"showMaterialUpdate":false,"showSkybox":true,"showFlares":true,"showImageEffects":true,"showParticleSystems":true},"in2DMode":false,"pivot":{"x":0.43764424324035647,"y":0.314278244972229,"z":1.1139731407165528},"rotation":{"x":0.027996843680739404,"y":0.9373717904090881,"z":-0.07750442624092102,"w":0.3384428322315216},"size":6.602459907531738,"orthographic":false}