{"cameraMode":{"drawMode":0,"name":"Shaded","section":"Shading Mode"},"sceneLighting":false,"audioPlay":false,"sceneViewState":{"showFog":true,"showMaterialUpdate":false,"showSkybox":true,"showFlares":true,"showImageEffects":true,"showParticleSystems":true},"in2DMode":false,"pivot":{"x":-0.004167616367340088,"y":0.40498530864715578,"z":-0.003848165273666382},"rotation":{"x":0.1613757312297821,"y":0.631382942199707,"z":-0.13654617965221406,"w":0.7461023330688477},"size":1.802458643913269,"orthographic":false}