{"cameraMode":{"drawMode":0,"name":"Shaded","section":"Shading Mode"},"sceneLighting":false,"audioPlay":false,"sceneViewState":{"showFog":true,"showMaterialUpdate":false,"showSkybox":true,"showFlares":true,"showImageEffects":true,"showParticleSystems":true},"in2DMode":false,"pivot":{"x":-1.7115097045898438,"y":1.335103988647461,"z":-1.6402454376220704},"rotation":{"x":0.25363919138908389,"y":0.43149515986442568,"z":-0.12784428894519807,"w":0.8562329411506653},"size":108.75929260253906,"orthographic":false}