{"cameraMode":{"drawMode":0,"name":"Shaded","section":"Shading Mode"},"sceneLighting":false,"audioPlay":false,"sceneViewState":{"showFog":true,"showMaterialUpdate":false,"showSkybox":true,"showFlares":true,"showImageEffects":true,"showParticleSystems":true},"in2DMode":false,"pivot":{"x":0.0,"y":0.37905630469322207,"z":0.04670536518096924},"rotation":{"x":0.380158007144928,"y":0.27267298102378847,"z":-0.11833712458610535,"w":0.8758571147918701},"size":2.7095344066619875,"orthographic":false}